{"cameraMode":{"drawMode":0,"name":"Shaded","section":"Shading Mode"},"sceneLighting":true,"audioPlay":false,"sceneViewState":{"showFog":true,"showMaterialUpdate":false,"showSkybox":true,"showFlares":true,"showImageEffects":true,"showParticleSystems":true},"in2DMode":false,"pivot":{"x":-0.02251666784286499,"y":0.03800000250339508,"z":0.013000011444091797},"rotation":{"x":-0.03096994385123253,"y":0.958596408367157,"z":-0.11471251398324967,"w":-0.2588120698928833},"size":1.0241914987564088,"orthographic":true}